<?xml version="1.0" encoding="utf-8" ?>
<Root version="1" w="1440" h="2560" frameRate="100" translucent="true" background="custom_wallpaper.png">

      <ButtonAnswer x="992" y="2109" alignX="1" alignY="1" srcNormal="incoming_answer.png" srcPressed="incoming_answer_pressed.png" srcDisable="incoming_answer.png">
   </ButtonAnswer>
   
      <ButtonSms x="992" y="1655" alignX="1" alignY="1" srcNormal="incoming_sms.png" srcPressed="incoming_sms_pressed.png" srcDisable="incoming_sms.png">
   </ButtonSms>
   
      <ButtonReminder x="184" y="1655" alignX="1" alignY="1" srcNormal="incoming_reminder.png" srcPressed="incoming_reminder_pressed.png" srcDisable="incoming_reminder.png">
   </ButtonReminder>
   
      <ButtonHangup x="184" y="2109" alignX="1" alignY="1" srcNormal="incoming_hangup.png" srcPressed="incoming_hangup_pressed.png" srcDisable="incoming_hangup.png">
   </ButtonHangup>
</Root>
