<?xml version="1.0" encoding="utf-8"?>
<Root version="1" w="1080" h="1920" frameRate="100" translucent="true" background="unlock_wallpaper.png" >
  
  <LockRad id="1" x="450" y="1220" alignX="1" alignY="1" w="166" h="166" recoverSpeed="200" unlockSpeed="300" >
    <Target id="1" intentUri="message" degree="0" angle="30" distance="350" recoverSpeed="200" unlockSpeed="300" />
    <Target id="2" intentUri="camera" degree="-90" angle="30" distance="350" recoverSpeed="200" unlockSpeed="300" />
    <Target id="3" intentUri="call" degree="-180" angle="30" distance="350" recoverSpeed="200" unlockSpeed="300" />
    <Target id="4" intentUri="normal" degree="-270" angle="30" distance="350" recoverSpeed="200" unlockSpeed="300" />
    <EventInit enable="true" />
  </LockRad>

  <Screen >
    <!-- 
    <EventUnlockIdle alpha="1" offsetX="0" offsetY="0" />
    <EventUnlockMove p1="1" offsetXA="true" offsetYA="true" />
    <EventUnlockT p1="1" p2="2" alpha="1" alphaT="1" />
    <EventUnlockIdle offsetX="100" />
    <EventUnlockStart p1="1" p2="0" offsetX="100" />
    <EventUnlockStart p1="1" p2="1" offsetY="100" />
    <EventUnlockFail p1="1" p2="0" offsetX="-100" />
    <EventUnlockFail p1="1" p2="1" offsetY="-100" />
    <EventUnlockSuccess p1="1" p2="1" offsetX="100" />
    <EventUnlockMove p1="1" rotate="0" rotateT="360" alpha="-1.0" alphaT="1" />
    <EventUnlockT p1="1" p2="1" offsetXA="true" offsetYA="true" offsetXR="true" offsetYR="true" />
     -->
  </Screen>
  
  <!-- *************************锁屏区域*****start***************************** -->  
  <!-- 锁屏背景 -->
  <Image x="298" y="1089" alignX="1" alignY="1" w="484" h="484" src="unlock_background.png" >
    <!-- 通用动作 -->
    <EventInit alpha="1" visible="true" />
    <EventUnlockIdle alpha="1" visible="true"/>
    <EventUnlockStart p1="1" p2="0" visible="true" />
  </Image>
  
  <!-- message按钮 -->
  <ImageEvent x="853" y="1242" alignX="1" alignY="1" w="120" h="120" >
    <!-- message初始状态图片 -->
    <Image src="new_event_num_massage_icon_normal.png" />  
    <!-- message解锁状态图片 -->
    <Image src="new_event_num_massage_icon_pressed.png" />  
    <!-- 通用动作 -->
    <EventInit visible="false" />
    <EventUnlockIdle visible="false" />
    <!-- 特殊动作 -->
    <EventUnlockStart p1="1" p2="0" index="1" alpha="1" visible="true" />
    <EventUnlockT p1="1" p2="2" alpha="1" alphaT="0" />
    <EventUnlockT p1="1" p2="3" alpha="1" alphaT="0" />
    <EventUnlockT p1="1" p2="4" alpha="1" alphaT="0" />
    <EventUnlockSuccess p1="1" p2="1" index="2" />
  </ImageEvent>
  
  <!-- camera按钮 -->
  <ImageEvent x="479" y="885" alignX="1" alignY="1" w="120" h="120" >
    <!-- camera初始状态图片 -->
    <Image src="unlock_camera_normal.png" />  
    <!-- camera解锁状态图片 -->
    <Image src="unlock_camera_pressed.png" />  
    <!-- 通用动作 -->
    <EventInit visible="false" />
    <EventUnlockIdle visible="false" />
    <EventUnlockStart p1="1" p2="0" index="1" alpha="1" visible="true" />
    <!-- 特殊动作 -->
    <EventUnlockT p1="1" p2="1" alpha="1" alphaT="0" />
    <EventUnlockT p1="1" p2="3" alpha="1" alphaT="0" />
    <EventUnlockT p1="1" p2="4" alpha="1" alphaT="0" />
    <EventUnlockSuccess p1="1" p2="2" index="2" />
  </ImageEvent>
  
  <!-- call按钮 -->
  <ImageEvent x="107" y="1242" alignX="1" alignY="1" w="120" h="120" >
    <!-- call初始状态图片 -->
    <Image src="new_event_num_call_icon_normal.png" />  
    <!-- call解锁状态图片 -->
    <Image src="new_event_num_call_icon_pressed.png" />  
    <!-- 通用动作 -->
    <EventInit visible="false" />
    <EventUnlockIdle visible="false" />
    <EventUnlockStart p1="1" p2="0" index="1" alpha="1" visible="true" />
    <!-- 特殊动作 -->
    <EventUnlockT p1="1" p2="1" alpha="1" alphaT="0" />
    <EventUnlockT p1="1" p2="2" alpha="1" alphaT="0" />
    <EventUnlockT p1="1" p2="4" alpha="1" alphaT="0" />
    <EventUnlockSuccess p1="1" p2="3" index="2" />
  </ImageEvent>
  
  <!-- normal按钮 -->
  <ImageEvent x="479" y="1631" alignX="1" alignY="1" w="120" h="120" >
    <!-- normal初始状态图片 -->
    <Image src="unlock_normal_normal.png" />  
    <!-- normal解锁状态图片 -->
    <Image src="unlock_normal_pressed.png" />  
    <!-- 通用动作 -->
    <EventInit visible="false" />
    <EventUnlockIdle visible="false" />
    <EventUnlockStart p1="1" p2="0" index="1" alpha="1" visible="true" />
    <!-- 特殊动作 -->
    <EventUnlockT p1="1" p2="1" alpha="1" alphaT="0" />
    <EventUnlockT p1="1" p2="2" alpha="1" alphaT="0" />
    <EventUnlockT p1="1" p2="3" alpha="1" alphaT="0" />
    <EventUnlockSuccess p1="1" p2="4" index="2" />
  </ImageEvent>
  <!-- *************************锁屏区域*****end***************************** -->  
  
  
  <!-- *************************未接电话*****start***************************** -->
  <!-- 未接电话按钮 -->
  <ImageEvent x="107" y="1242" alignX="1" alignY="1" w="120" h="120" >
    <!-- call初始状态图片 -->
    <Image src="new_event_num_call_icon_normal.png" />  
    <!-- call解锁状态图片 -->
    <Image src="new_event_num_call_icon_pressed.png" />  
    <!-- 通用动作 -->
    <EventUnlockInit index="1" alpha="1" />
    <EventUnlockIdle index="1" alpha="1" />
    <EventUnlockStart p1="1" p2="0" index="1" alpha="1" />
    <!-- 特殊动作 -->
    <EventCallOn visible="true" />
    <EventCallOff visible="false" />
    <EventUnlockT p1="1" p2="1" alpha="1" alphaT="0" />
    <EventUnlockT p1="1" p2="2" alpha="1" alphaT="0" />
    <EventUnlockT p1="1" p2="4" alpha="1" alphaT="0" />
    <EventUnlockSuccess p1="1" p2="3" index="2" />
  </ImageEvent>
  
    <!-- 未接电话数量背景 -->
  <Image x="173" y="1223" alignX="1" alignY="1" w="72" h="72" src="new_event_num_background.png" >
    <!-- 通用动作 -->    
    <EventUnlockInit alpha="1" />
    <EventUnlockIdle alpha="1" />
    <EventUnlockStart p1="1" p2="0" alpha="1" />
    <!-- 特殊动作 -->
    <EventCallOn visible="true" />
    <EventCallOff visible="false" />
    <EventUnlockT p1="1" p2="1" alpha="1" alphaT="0" />
    <EventUnlockT p1="1" p2="2" alpha="1" alphaT="0" />
    <EventUnlockT p1="1" p2="4" alpha="1" alphaT="0" />
  </Image>
  
  
  <!-- 未接通话数量的图片 -->
  <ImageCallNum x="193" y="1243" alignX="1" alignY="1" w="30" h="30" ><!-- 未接通话数量的图片 -->
    <Image src="num_0.png" /><!-- 0个的图片 -->
    <Image src="num_1.png" /><!-- 1个的图片 -->
    <Image src="num_2.png" /><!-- 2个的图片 -->
    <Image src="num_3.png" /><!-- 3个的图片 -->
    <Image src="num_4.png" /><!-- 4个的图片 -->
    <Image src="num_5.png" /><!-- 5个的图片 -->
    <Image src="num_6.png" /><!-- 6个的图片 -->
    <Image src="num_7.png" /><!-- 7个的图片 -->
    <Image src="num_8.png" /><!-- 8个的图片 -->
    <Image src="num_9.png" /><!-- 9个的图片 -->
    <Image src="num_9+.png" /><!-- 大于9个的图片 -->
    <EventUnlockInit alpha="1" />
    <EventUnlockIdle alpha="1" />
    <EventUnlockStart p1="1" p2="0" alpha="1" />
    <!-- 特殊动作 -->
    <EventCallOn visible="true" />
    <EventCallOff visible="false" />
    <EventUnlockT p1="1" p2="1" alpha="1" alphaT="0" />
    <EventUnlockT p1="1" p2="2" alpha="1" alphaT="0" />
    <EventUnlockT p1="1" p2="4" alpha="1" alphaT="0" />
  </ImageCallNum>
  <!-- *************************未接电话*****end***************************** -->
  
  <!-- *************************未读短信*****start*************************** -->
  <!-- 未读短信按钮 -->
  <ImageEvent x="853" y="1242" alignX="1" alignY="1" w="120" h="120" >
    <!-- message初始状态图片 -->
    <Image src="new_event_num_massage_icon_normal.png" />  
    <!-- message解锁状态图片 -->
    <Image src="new_event_num_massage_icon_pressed.png" />  
    <!-- 通用动作 -->
    <EventUnlockInit index="1" alpha="1" />
    <EventUnlockIdle index="1" alpha="1" />
    <EventUnlockStart p1="1" p2="0" index="1" alpha="1" />
    <!-- 特殊动作 -->
    <EventMessageOn visible="true" />
    <EventMessageOff visible="false" />
    <EventUnlockT p1="1" p2="2" alpha="1" alphaT="0" />
    <EventUnlockT p1="1" p2="3" alpha="1" alphaT="0" />
    <EventUnlockT p1="1" p2="4" alpha="1" alphaT="0" />
    <EventUnlockSuccess p1="1" p2="1" index="2" />
  </ImageEvent>
  
  <!-- 未读信息数量背景 -->
  <Image x="927" y="1224" alignX="1" alignY="1" w="72" h="72" src="new_event_num_background.png" >
    <!-- 通用动作 -->
    <EventUnlockInit index="1" alpha="1" />
    <EventUnlockIdle index="1" alpha="1" />
    <EventUnlockStart p1="1" p2="0" index="1" alpha="1" />
    <!-- 特殊动作 -->
    <EventMessageOn visible="true" />
    <EventMessageOff visible="false" />
    <EventUnlockT p1="1" p2="2" alpha="1" alphaT="0" />
    <EventUnlockT p1="1" p2="3" alpha="1" alphaT="0" />
    <EventUnlockT p1="1" p2="4" alpha="1" alphaT="0" />
    <EventUnlockSuccess p1="1" p2="1" index="2" />
  </Image>  
  
  <!-- 未读信息数量的图片 -->
  <ImageMessageNum x="949" y="1243" alignX="1" alignY="1" w="30" h="30" >
    <Image src="num_0.png" /><!-- 0个的图片 -->
    <Image src="num_1.png" /><!-- 1个的图片 -->
    <Image src="num_2.png" /><!-- 2个的图片 -->
    <Image src="num_3.png" /><!-- 3个的图片 -->
    <Image src="num_4.png" /><!-- 4个的图片 -->
    <Image src="num_5.png" /><!-- 5个的图片 -->
    <Image src="num_6.png" /><!-- 6个的图片 -->
    <Image src="num_7.png" /><!-- 7个的图片 -->
    <Image src="num_8.png" /><!-- 8个的图片 -->
    <Image src="num_9.png" /><!-- 9个的图片 -->
    <Image src="num_9+.png" /><!-- 大于9个的图片 -->
    <EventUnlockInit alpha="1" />
    <EventUnlockIdle alpha="1" />
    <EventUnlockStart p1="1" p2="0" alpha="1" />
    <!-- 特殊动作 -->
    <EventMessageOn visible="true" /><!-- 有未读信息时 -->
    <EventMessageOff visible="false" /><!-- 无未读信息时 -->
    <EventUnlockT p1="1" p2="2" alpha="1" alphaT="0" />
    <EventUnlockT p1="1" p2="3" alpha="1" alphaT="0" />
    <EventUnlockT p1="1" p2="4" alpha="1" alphaT="0" />
  </ImageMessageNum>
  <!-- *************************未读短信*****end***************************** -->
  
  <!-- 解锁按钮 -->
  <ImageEvent x="499" y="1276" alignX="1" alignY="1" w="80" h="80"  >
    <!-- idle状态锁图片 -->
    <Image src="unlock_handle_normal.png" />
    <!-- move状态锁图片 -->
    <Image src="unlock_handle_pressed.png" />
    <EventInit index="1" offsetX="0" offsetY="0" />
    <EventUnlockIdle index="1" offsetX="0" offsetY="0" />
    <EventUnlockStart p1="1" p2="0" index="2" />
    <EventUnlockT p1="1" p2="1" offsetXR="true" />
    <EventUnlockT p1="1" p2="2" offsetYR="true" />
    <EventUnlockT p1="1" p2="3" offsetXR="true" />
    <EventUnlockT p1="1" p2="4" offsetYR="true" />
  </ImageEvent>
  
  <!-- 时钟 -->
  <ImageHour10 x="304" y="280" alignX="1" alignY="1" ><!-- 小时十位的图片 -->
    <Image src="time_0.png" /><!-- 数字0的图片，src缺省为空，下同 -->
    <Image src="time_1.png" /><!-- 数字1的图片 -->
    <Image src="time_2.png" /><!-- 数字2的图片 -->
    <Image src="time_3.png" /><!-- 数字3的图片 -->
    <Image src="time_4.png" /><!-- 数字4的图片 -->
    <Image src="time_5.png" /><!-- 数字5的图片 -->
    <Image src="time_6.png" /><!-- 数字6的图片 -->
    <Image src="time_7.png" /><!-- 数字7的图片 -->
    <Image src="time_8.png" /><!-- 数字8的图片 -->
    <Image src="time_9.png" /><!-- 数字9的图片 -->
    <Image src="time_0_ar.png" /><!-- 阿拉伯语数字0的图片，src缺省为空，下同 -->
    <Image src="time_1_ar.png" /><!-- 阿拉伯语数字1的图片 -->
    <Image src="time_2_ar.png" /><!-- 阿拉伯语数字2的图片 -->
    <Image src="time_3_ar.png" /><!-- 阿拉伯语数字3的图片 -->
    <Image src="time_4_ar.png" /><!-- 阿拉伯语数字4的图片 -->
    <Image src="time_5_ar.png" /><!-- 阿拉伯语数字5的图片 -->
    <Image src="time_6_ar.png" /><!-- 阿拉伯语数字6的图片 -->
    <Image src="time_7_ar.png" /><!-- 阿拉伯语数字7的图片 -->
    <Image src="time_8_ar.png" /><!-- 阿拉伯语数字8的图片 -->
    <Image src="time_9_ar.png" /><!-- 阿拉伯语数字9的图片 -->
    <Image src="time_0_fa.png" /><!-- 波斯语数字0的图片，src缺省为空，下同 -->
    <Image src="time_1_fa.png" /><!-- 波斯语数字1的图片 -->
    <Image src="time_2_fa.png" /><!-- 波斯语数字2的图片 -->
    <Image src="time_3_fa.png" /><!-- 波斯语数字3的图片 -->
    <Image src="time_4_fa.png" /><!-- 波斯语数字4的图片 -->
    <Image src="time_5_fa.png" /><!-- 波斯语数字5的图片 -->
    <Image src="time_6_fa.png" /><!-- 波斯语数字6的图片 -->
    <Image src="time_7_fa.png" /><!-- 波斯语数字7的图片 -->
    <Image src="time_8_fa.png" /><!-- 波斯语数字8的图片 -->
    <Image src="time_9_fa.png" /><!-- 波斯语数字9的图片 -->
        <!-- 增加音乐控件播放事件 -->
        <EventInit visible="true" /> <!-- 锁屏时显示-->
        <EventMusicOff visible= "true"/><!-- 音乐控件不显示时显示  -->
        <EventMusicPlayOn visible= "false"/><!-- 音乐控件正在播放时不显示  -->
  </ImageHour10>
  <ImageHour1 x="412" y="280" alignX="1" alignY="1" ><!-- 小时个位的图片 -->
    <Image src="time_0.png" /><!-- 数字0的图片 -->
    <Image src="time_1.png" /><!-- 数字1的图片 -->
    <Image src="time_2.png" /><!-- 数字2的图片 -->
    <Image src="time_3.png" /><!-- 数字3的图片 -->
    <Image src="time_4.png" /><!-- 数字4的图片 -->
    <Image src="time_5.png" /><!-- 数字5的图片 -->
    <Image src="time_6.png" /><!-- 数字6的图片 -->
    <Image src="time_7.png" /><!-- 数字7的图片 -->
    <Image src="time_8.png" /><!-- 数字8的图片 -->
    <Image src="time_9.png" /><!-- 数字9的图片 -->
    <Image src="time_0_ar.png" /><!-- 阿拉伯语数字0的图片，src缺省为空，下同 -->
    <Image src="time_1_ar.png" /><!-- 阿拉伯语数字1的图片 -->
    <Image src="time_2_ar.png" /><!-- 阿拉伯语数字2的图片 -->
    <Image src="time_3_ar.png" /><!-- 阿拉伯语数字3的图片 -->
    <Image src="time_4_ar.png" /><!-- 阿拉伯语数字4的图片 -->
    <Image src="time_5_ar.png" /><!-- 阿拉伯语数字5的图片 -->
    <Image src="time_6_ar.png" /><!-- 阿拉伯语数字6的图片 -->
    <Image src="time_7_ar.png" /><!-- 阿拉伯语数字7的图片 -->
    <Image src="time_8_ar.png" /><!-- 阿拉伯语数字8的图片 -->
    <Image src="time_9_ar.png" /><!-- 阿拉伯语数字9的图片 -->
    <Image src="time_0_fa.png" /><!-- 波斯语数字0的图片，src缺省为空，下同 -->
    <Image src="time_1_fa.png" /><!-- 波斯语数字1的图片 -->
    <Image src="time_2_fa.png" /><!-- 波斯语数字2的图片 -->
    <Image src="time_3_fa.png" /><!-- 波斯语数字3的图片 -->
    <Image src="time_4_fa.png" /><!-- 波斯语数字4的图片 -->
    <Image src="time_5_fa.png" /><!-- 波斯语数字5的图片 -->
    <Image src="time_6_fa.png" /><!-- 波斯语数字6的图片 -->
    <Image src="time_7_fa.png" /><!-- 波斯语数字7的图片 -->
    <Image src="time_8_fa.png" /><!-- 波斯语数字8的图片 -->
    <Image src="time_9_fa.png" /><!-- 波斯语数字9的图片 -->
        <!-- 增加音乐控件播放事件 -->
        <EventInit visible="true" /> <!-- 锁屏时显示-->
        <EventMusicOff visible= "true"/><!-- 音乐控件不显示时显示  -->
        <EventMusicPlayOn visible= "false"/><!-- 音乐控件正在播放时不显示  -->
  </ImageHour1>
  
  <!-- 时间分隔符 -->
  <ImageTimeColon x="531" y="344" alignX="1" alignY="1">
        <Image src="time_colon.png" /><!-- 非印尼语下显示冒号 -->
        <Image src="time_dot.png" /><!-- 印尼语下显示点 -->
        <!-- 增加音乐控件播放事件 -->
        <EventInit visible="true" /> <!-- 锁屏时显示-->
        <EventMusicOff visible= "true"/><!-- 音乐控件不显示时显示  -->
        <EventMusicPlayOn visible= "false"/><!-- 音乐控件正在播放时不显示  -->
  </ImageTimeColon>
  
  <ImageMin10 x="565" y="280" alignX="1" alignY="1" ><!-- 分钟十位的图片 -->
    <Image src="time_0.png" /><!-- 数字0的图片 -->
    <Image src="time_1.png" /><!-- 数字1的图片 -->
    <Image src="time_2.png" /><!-- 数字2的图片 -->
    <Image src="time_3.png" /><!-- 数字3的图片 -->
    <Image src="time_4.png" /><!-- 数字4的图片 -->
    <Image src="time_5.png" /><!-- 数字5的图片 -->
    <Image src="time_6.png" /><!-- 数字6的图片 -->
    <Image src="time_7.png" /><!-- 数字7的图片 -->
    <Image src="time_8.png" /><!-- 数字8的图片 -->
    <Image src="time_9.png" /><!-- 数字9的图片 -->
    <Image src="time_0_ar.png" /><!-- 阿拉伯语数字0的图片，src缺省为空，下同 -->
    <Image src="time_1_ar.png" /><!-- 阿拉伯语数字1的图片 -->
    <Image src="time_2_ar.png" /><!-- 阿拉伯语数字2的图片 -->
    <Image src="time_3_ar.png" /><!-- 阿拉伯语数字3的图片 -->
    <Image src="time_4_ar.png" /><!-- 阿拉伯语数字4的图片 -->
    <Image src="time_5_ar.png" /><!-- 阿拉伯语数字5的图片 -->
    <Image src="time_6_ar.png" /><!-- 阿拉伯语数字6的图片 -->
    <Image src="time_7_ar.png" /><!-- 阿拉伯语数字7的图片 -->
    <Image src="time_8_ar.png" /><!-- 阿拉伯语数字8的图片 -->
    <Image src="time_9_ar.png" /><!-- 阿拉伯语数字9的图片 -->
    <Image src="time_0_fa.png" /><!-- 波斯语数字0的图片，src缺省为空，下同 -->
    <Image src="time_1_fa.png" /><!-- 波斯语数字1的图片 -->
    <Image src="time_2_fa.png" /><!-- 波斯语数字2的图片 -->
    <Image src="time_3_fa.png" /><!-- 波斯语数字3的图片 -->
    <Image src="time_4_fa.png" /><!-- 波斯语数字4的图片 -->
    <Image src="time_5_fa.png" /><!-- 波斯语数字5的图片 -->
    <Image src="time_6_fa.png" /><!-- 波斯语数字6的图片 -->
    <Image src="time_7_fa.png" /><!-- 波斯语数字7的图片 -->
    <Image src="time_8_fa.png" /><!-- 波斯语数字8的图片 -->
    <Image src="time_9_fa.png" /><!-- 波斯语数字9的图片 -->
        <!-- 增加音乐控件播放事件 -->
        <EventInit visible="true" /> <!-- 锁屏时显示-->
        <EventMusicOff visible= "true"/><!-- 音乐控件不显示时显示  -->
        <EventMusicPlayOn visible= "false"/><!-- 音乐控件正在播放时不显示  -->
  </ImageMin10>
  <ImageMin1 x="673" y="280" alignX="1" alignY="1" ><!-- 分钟个位的图片 -->
    <Image src="time_0.png" /><!-- 数字0的图片 -->
    <Image src="time_1.png" /><!-- 数字1的图片 -->
    <Image src="time_2.png" /><!-- 数字2的图片 -->
    <Image src="time_3.png" /><!-- 数字3的图片 -->
    <Image src="time_4.png" /><!-- 数字4的图片 -->
    <Image src="time_5.png" /><!-- 数字5的图片 -->
    <Image src="time_6.png" /><!-- 数字6的图片 -->
    <Image src="time_7.png" /><!-- 数字7的图片 -->
    <Image src="time_8.png" /><!-- 数字8的图片 -->
    <Image src="time_9.png" /><!-- 数字9的图片 -->
    <Image src="time_0_ar.png" /><!-- 阿拉伯语数字0的图片，src缺省为空，下同 -->
    <Image src="time_1_ar.png" /><!-- 阿拉伯语数字1的图片 -->
    <Image src="time_2_ar.png" /><!-- 阿拉伯语数字2的图片 -->
    <Image src="time_3_ar.png" /><!-- 阿拉伯语数字3的图片 -->
    <Image src="time_4_ar.png" /><!-- 阿拉伯语数字4的图片 -->
    <Image src="time_5_ar.png" /><!-- 阿拉伯语数字5的图片 -->
    <Image src="time_6_ar.png" /><!-- 阿拉伯语数字6的图片 -->
    <Image src="time_7_ar.png" /><!-- 阿拉伯语数字7的图片 -->
    <Image src="time_8_ar.png" /><!-- 阿拉伯语数字8的图片 -->
    <Image src="time_9_ar.png" /><!-- 阿拉伯语数字9的图片 -->
    <Image src="time_0_fa.png" /><!-- 波斯语数字0的图片，src缺省为空，下同 -->
    <Image src="time_1_fa.png" /><!-- 波斯语数字1的图片 -->
    <Image src="time_2_fa.png" /><!-- 波斯语数字2的图片 -->
    <Image src="time_3_fa.png" /><!-- 波斯语数字3的图片 -->
    <Image src="time_4_fa.png" /><!-- 波斯语数字4的图片 -->
    <Image src="time_5_fa.png" /><!-- 波斯语数字5的图片 -->
    <Image src="time_6_fa.png" /><!-- 波斯语数字6的图片 -->
    <Image src="time_7_fa.png" /><!-- 波斯语数字7的图片 -->
    <Image src="time_8_fa.png" /><!-- 波斯语数字8的图片 -->
    <Image src="time_9_fa.png" /><!-- 波斯语数字9的图片 -->
        <!-- 增加音乐控件播放事件 -->
        <EventInit visible="true" /> <!-- 锁屏时显示-->
        <EventMusicOff visible= "true"/><!-- 音乐控件不显示时显示  -->
        <EventMusicPlayOn visible= "false"/><!-- 音乐控件正在播放时不显示  -->
  </ImageMin1>
  
  <!-- AM/PM -->
  <ImageAmPm x="325" y="219" alignX="1" alignY="1" ><!-- 上午下午的图片 -->
    <Image  src="time_am.png" /><!-- 上午的图片 -->
    <Image  src="time_pm.png" /><!-- 下午的图片 -->
    <Image  src="time_am_ar.png" /><!-- 阿拉伯语上午的图片 -->
    <Image  src="time_pm_ar.png" /><!-- 阿拉伯语下午的图片 -->
        <!-- 增加音乐控件播放事件 -->
        <EventInit visible="true" /> <!-- 锁屏时显示-->
        <EventMusicOff visible= "true"/><!-- 音乐控件不显示时显示  -->
        <EventMusicPlayOn visible= "false"/><!-- 音乐控件正在播放时不显示  -->
        <EventAmPmOff alpha= "0"/><!-- 24小时制时 -->
        <EventAmPmOn alpha= "1"/><!-- 12小时制时 -->
  </ImageAmPm>
  
  <!-- 日期星期 -->
  <TextDateWeek y="472" alignX="1" alignY="1" w="1080" h="58" gravityX="0"
    bold="true" italic="false" color="#ffffffff" size="42" >
        <!-- 增加音乐控件播放事件 -->
        <EventInit visible="true" /> <!-- 锁屏时显示-->
        <EventMusicOff visible= "true"/><!-- 音乐控件不显示时显示  -->
        <EventMusicPlayOn visible= "false"/><!-- 音乐控件正在播放时不显示  -->
  </TextDateWeek>
  
  <!-- *************************电池区域*****start***************************** -->
  <!-- 电池信息文本(充电) -->
  <TextBattery x="390" y="531" alignX="1" alignY="1" w="460" h="105"
    bold="true" italic="false" gravityX="1" gravityY="0" color="#ffffffff" size="36" srcStart="battery_charging.png" ><!-- 电池信息文本 -->
    <!-- 通用动作 -->
    <EventBatteryCharged visible="false" /><!-- 充满时 -->
    <EventBatteryNormal p1="0" p2="100" visible="false" /><!-- 【t】电量正常且在[p1, p2]内时，电量有效范围为0到100 -->
    <EventBatteryLow p1="0" p2="100" visible="false" /><!-- 【t】电量低且在[p1, p2]内时，电量有效范围为0到100 -->
    <EventBatteryCharging p1="0" p2="100" visible="true" /><!-- 【t】充电且在[p1, p2]内时，电量有效范围为0到100 -->
  </TextBattery>
  
  <!-- 电池信息文本(充满) -->
  <TextBattery x="390" y="531" alignX="1" alignY="1"  w="460" h="105"
    bold="true" italic="false" gravityX="1" gravityY="0" color="#ffffffff" size="36" srcStart="battery_charged.png" ><!-- 电池信息文本 -->
    <!-- 通用动作 -->
    <EventBatteryCharged visible="true" /><!-- 充满时 -->
    <EventBatteryNormal p1="0" p2="100" visible="false" /><!-- 【t】电量正常且在[p1, p2]内时，电量有效范围为0到100 -->
    <EventBatteryLow p1="0" p2="100" visible="false" /><!-- 【t】电量低且在[p1, p2]内时，电量有效范围为0到100 -->
    <EventBatteryCharging p1="0" p2="100" visible="false" /><!-- 【t】充电且在[p1, p2]内时，电量有效范围为0到100 -->
  </TextBattery>
  
  <!-- 电池信息文本(正常) -->
  <TextBattery x="390" y="531" alignX="1" alignY="1"  w="460" h="105"
    bold="true" italic="false" gravityX="1" gravityY="0" color="#ffffffff" size="36" srcStart="battery_charged.png" ><!-- 电池信息文本 -->
    <!-- 通用动作 -->
    <EventBatteryCharged visible="false" /><!-- 充满时 -->
    <EventBatteryNormal p1="0" p2="100" visible="false" /><!-- 【t】电量正常且在[p1, p2]内时，电量有效范围为0到100 -->
    <EventBatteryLow p1="0" p2="100" visible="false" /><!-- 【t】电量低且在[p1, p2]内时，电量有效范围为0到100 -->
    <EventBatteryCharging p1="0" p2="100" visible="false" /><!-- 【t】充电且在[p1, p2]内时，电量有效范围为0到100 -->
  </TextBattery>
  
  <!-- 电池信息文本(电量低) -->
  <TextBattery x="390" y="531" alignX="1" alignY="1"  w="480" h="105"
    bold="true" italic="false" gravityX="1" gravityY="0" color="#ffffffff" size="36" srcStart="battery_low.png" ><!-- 电池信息文本 -->
    <!-- 通用动作 -->
    <EventBatteryCharged visible="false" /><!-- 充满时 -->
    <EventBatteryNormal p1="0" p2="100" visible="false" /><!-- 【t】电量正常且在[p1, p2]内时，电量有效范围为0到100 -->
    <EventBatteryLow p1="0" p2="100" visible="true" /><!-- 【t】电量低且在[p1, p2]内时，电量有效范围为0到100 -->
    <EventBatteryCharging p1="0" p2="100" visible="false" /><!-- 【t】充电且在[p1, p2]内时，电量有效范围为0到100 -->
  </TextBattery>
  <!-- *************************电池区域*****end***************************** -->  
  
  <!-- ButtonEmergencyCall紧急呼叫按钮 -->  
  <ButtonEmergencyCall x="479" y="700" alignX="1" alignY="1" srcSosNormal="sos_normal.png" srcSosPressed="sos_pressed.png" />
  
  <!-- 机主信息文本 -->
  <TextOwnerInfo y="1760" alignX="1" alignY="1"  w="1080" h="45"
    bold="true" italic="true" gravityX="0" gravityY="0" color="#ffffffff" size="30" />
  
  <!-- 全部运营商文本 -->
  <TextSimAll y="1817" alignX="1" alignY="1"  w="1080" h="45"
    bold="true" italic="true" gravityX="0" gravityY="0" color="#ffffffff" size="30" />
	
	  <!-- TextCellBroadcastInfo -->
  <TextCellBroadcastInfo y="1865" alignX="1" alignY="1"  w="1080" h="45"
    bold="true" italic="true" gravityX="0" gravityY="0" color="#ffffffff" size="30" />
  
  <!-- *************************音乐控件*start****************************** -->

  <!-- 音乐背景图 -->
  <Image x="0" y="130" alignX="1" alignY="1" src="music_bg.png" >
        <!-- 增加音乐控件播放事件 -->
        <EventInit visible="false" /> <!-- 锁屏时不显示音乐控件 -->
        <EventMusicOff visible= "false"/><!-- 音乐控件不显示时不显示音乐控件  -->
        <EventMusicPlayOn visible= "true"/><!-- 音乐控件正在播放时显示音乐控件  -->
  </Image> 
  
<!-- 音乐歌手名歌曲名文本 -->
    <TextMusicTrack x="100" y="180" alignX="1" alignY="1" w="880" gravityX="0" color="#ffffffff" size="57"><!-- 音乐歌曲名文本 -->
        <EventInit visible="false" /> <!-- 锁屏时不显示音乐控件 -->
        <EventMusicOff visible= "false"/><!-- 音乐控件不显示时不显示音乐控件  -->
        <EventMusicPlayOn visible= "true"/><!-- 音乐控件正在播放时显示音乐控件  -->
    </TextMusicTrack>


<!-- 音乐歌手名专辑名文本 -->
    <TextMusicArtistAlbum x="100" y="260" alignX="1" alignY="1" w="880" gravityX="0" color="#ffffffff" size="37"><!-- 音乐歌手名文本 -->
        <EventInit visible="false" /> <!-- 锁屏时不显示音乐控件 -->
        <EventMusicOff visible= "false"/><!-- 音乐控件不显示时不显示音乐控件  -->
        <EventMusicPlayOn visible= "true"/><!-- 音乐控件正在播放时显示音乐控件  -->
    </TextMusicArtistAlbum>

    <!-- ButtonMusicPrev音乐上一首按钮 -->
    <ButtonMusicPrev x="225" y="342" alignX="1" alignY="1" srcNormal="music_prev_normal.png" srcPressed="music_prev_pressed.png" srcDisable="music_prev_disable.png" >
        <EventInit visible="false" /> <!-- 锁屏时不显示音乐控件 -->
        <EventMusicOff visible= "false"/><!-- 音乐控件不显示时不显示音乐控件  -->
        <EventMusicPlayOn visible= "true"/><!-- 音乐控件正在播放时显示音乐控件  -->
    </ButtonMusicPrev>

    <!-- ButtonMusicPlay音乐播放（暂停）按钮 -->
    <ButtonMusicPlay x="480" y="315" alignX="1" alignY="1" srcPlayNormal="music_play_normal.png" srcPlayPressed="music_play_pressed.png" srcPauseNormal="music_pause_normal.png" srcPausePressed="music_pause_pressed.png" srcStopNormal="music_stop_normal.png" srcStopPressed="music_stop_pressed.png" srcDisable="music_play_disable.png" >
        <EventInit visible="false" /> <!-- 锁屏时不显示音乐控件 -->
        <EventMusicOff visible= "false"/><!-- 音乐控件不显示时不显示音乐控件  -->
        <EventMusicPlayOn visible= "true"/><!-- 音乐控件正在播放时显示音乐控件  -->
    </ButtonMusicPlay>

    <!-- ButtonMusicNext音乐下一首按钮 -->
    <ButtonMusicNext x="750" y="342" alignX="1" alignY="1" srcNormal="music_next_normal.png" srcPressed="music_next_pressed.png" srcDisable="music_next_disable.png" >
        <EventInit visible="false" /> <!-- 锁屏时不显示音乐控件 -->
        <EventMusicOff visible= "false"/><!-- 音乐控件不显示时不显示音乐控件  -->
        <EventMusicPlayOn visible= "true"/><!-- 音乐控件正在播放时显示音乐控件  -->
    </ButtonMusicNext>

  
<!-- *************************音乐控件*end****************************** -->
</Root>